latitude,longitude,elevation,utc_offset_seconds,timezone,timezone_abbreviation
45.18,5.72,216.0,0,GMT,GMT

time,temperature_2m (°C),relative_humidity_2m (%),snow_depth (m),wind_speed_10m (km/h),precipitation (mm)
2026-09-29T00:00,18.9,62,0.00,4.5,0.00
2026-09-29T01:00,18.6,64,0.00,3.0,0.00
2026-09-29T02:00,17.9,64,0.00,2.9,0.00
2026-09-29T03:00,17.0,68,0.00,2.6,0.00
2026-09-29T04:00,16.6,68,0.00,2.2,0.00
2026-09-29T05:00,16.7,68,0.00,4.0,0.00
2026-09-29T06:00,15.3,69,0.00,0.4,0.00
2026-09-29T07:00,16.0,68,0.00,2.2,0.00
2026-09-29T08:00,18.1,63,0.00,3.6,0.00
2026-09-29T09:00,20.5,68,0.00,3.3,0.00
2026-09-29T10:00,23.1,56,0.00,5.4,0.00
2026-09-29T11:00,25.1,38,0.00,8.4,0.00
2026-09-29T12:00,26.4,35,0.00,7.6,0.00
2026-09-29T13:00,27.7,32,0.00,5.5,0.00
2026-09-29T14:00,29.9,24,0.00,10.0,0.00
2026-09-29T15:00,29.6,25,0.00,19.6,0.00
2026-09-29T16:00,29.2,25,0.00,16.0,0.00
2026-09-29T17:00,27.9,31,0.00,11.7,0.00
2026-09-29T18:00,26.6,33,0.00,8.9,0.00
2026-09-29T19:00,25.7,35,0.00,6.1,0.00
2026-09-29T20:00,24.1,40,0.00,5.6,0.00
2026-09-29T21:00,23.6,44,0.00,3.8,0.00
2026-09-29T22:00,23.3,40,0.00,5.1,0.00
2026-09-29T23:00,22.4,46,0.00,7.3,0.00
2026-09-30T00:00,21.9,47,0.00,8.9,0.00
2026-09-30T01:00,22.2,45,0.00,9.6,0.00
2026-09-30T02:00,21.7,46,0.00,7.9,0.00
2026-09-30T03:00,21.9,43,0.00,8.4,0.00
2026-09-30T04:00,22.2,41,0.00,6.7,0.00
2026-09-30T05:00,22.0,41,0.00,4.3,0.00
2026-09-30T06:00,21.1,47,0.00,6.9,0.00
2026-09-30T07:00,21.0,53,0.00,5.4,0.00
2026-09-30T08:00,21.9,51,0.00,3.0,0.00
2026-09-30T09:00,22.8,49,0.00,3.7,0.00
2026-09-30T10:00,25.3,40,0.00,2.5,0.00
2026-09-30T11:00,27.3,31,0.00,2.3,0.00
2026-09-30T12:00,28.6,28,0.00,19.2,0.00
2026-09-30T13:00,27.9,31,0.00,18.4,0.00
2026-09-30T14:00,27.8,31,0.00,14.3,0.00
2026-09-30T15:00,28.0,32,0.00,12.0,0.00
2026-09-30T16:00,26.6,42,0.00,10.7,0.00
2026-09-30T17:00,25.1,48,0.00,11.7,0.00
2026-09-30T18:00,24.3,51,0.00,9.2,0.00
2026-09-30T19:00,23.4,58,0.00,10.4,0.00
2026-09-30T20:00,22.5,64,0.00,8.9,0.00
2026-09-30T21:00,21.7,69,0.00,6.1,0.00
2026-09-30T22:00,21.2,75,0.00,5.1,0.10
2026-09-30T23:00,20.7,77,0.00,3.3,0.10
2026-10-01T00:00,20.4,77,0.00,2.9,0.30
2026-10-01T01:00,19.9,85,0.00,2.2,0.50
2026-10-01T02:00,19.8,86,0.00,1.8,0.80
2026-10-01T03:00,19.2,92,0.00,1.6,1.20
2026-10-01T04:00,19.2,86,0.00,1.3,0.95
2026-10-01T05:00,18.5,88,0.00,2.9,0.70
2026-10-01T06:00,18.4,86,0.00,3.1,0.25
2026-10-01T07:00,18.6,83,0.00,2.0,0.00
2026-10-01T08:00,18.6,87,0.00,1.3,0.00
2026-10-01T09:00,19.2,85,0.00,2.3,0.00
2026-10-01T10:00,19.8,82,0.00,2.3,0.00
2026-10-01T11:00,20.5,78,0.00,2.5,0.00
2026-10-01T12:00,21.1,76,0.00,3.3,0.00
2026-10-01T13:00,21.5,74,0.00,3.6,0.00
2026-10-01T14:00,21.2,75,0.00,4.7,0.10
2026-10-01T15:00,21.6,72,0.00,3.4,0.00
2026-10-01T16:00,20.7,79,0.00,7.5,0.40
2026-10-01T17:00,19.2,79,0.00,7.4,3.70
2026-10-01T18:00,18.9,80,0.00,6.2,0.90
2026-10-01T19:00,18.8,81,0.00,5.4,0.10
2026-10-01T20:00,18.5,85,0.00,2.8,0.20
2026-10-01T21:00,18.4,86,0.00,2.6,0.00
2026-10-01T22:00,18.2,87,0.00,2.6,0.00
2026-10-01T23:00,17.9,86,0.00,3.7,0.00
2026-10-02T00:00,17.6,86,0.00,4.3,0.00
2026-10-02T01:00,17.5,84,0.00,4.9,0.00
2026-10-02T02:00,17.5,84,0.00,4.7,0.00
2026-10-02T03:00,17.3,84,0.00,4.3,0.00
2026-10-02T04:00,17.0,85,0.00,4.3,0.00
2026-10-02T05:00,17.0,85,0.00,3.9,0.00
2026-10-02T06:00,16.8,85,0.00,3.1,0.00
2026-10-02T07:00,17.0,84,0.00,2.1,0.00
2026-10-02T08:00,17.3,83,0.00,1.9,0.00
2026-10-02T09:00,17.9,81,0.00,2.8,0.00
2026-10-02T10:00,19.0,77,0.00,2.9,0.00
2026-10-02T11:00,20.3,72,0.00,3.0,0.00
2026-10-02T12:00,21.2,69,0.00,3.2,0.00
2026-10-02T13:00,21.7,68,0.00,4.3,0.00
2026-10-02T14:00,21.8,68,0.00,5.1,0.00
2026-10-02T15:00,21.6,69,0.00,5.1,0.00
2026-10-02T16:00,21.2,73,0.00,2.5,0.10
2026-10-02T17:00,20.5,78,0.00,1.1,0.10
2026-10-02T18:00,19.9,82,0.00,3.6,0.10
2026-10-02T19:00,19.5,84,0.00,4.0,0.00
2026-10-02T20:00,19.2,85,0.00,3.0,0.00
2026-10-02T21:00,19.0,86,0.00,2.3,0.00
2026-10-02T22:00,18.8,86,0.00,1.9,0.00
2026-10-02T23:00,18.7,85,0.00,1.9,0.00
2026-10-03T00:00,18.6,85,0.00,1.8,0.00
2026-10-03T01:00,18.5,85,0.00,1.8,0.00
2026-10-03T02:00,18.4,85,0.00,1.9,0.00
2026-10-03T03:00,18.3,86,0.00,2.1,0.00
2026-10-03T04:00,18.1,87,0.00,2.3,0.10
2026-10-03T05:00,17.8,89,0.00,2.5,0.10
2026-10-03T06:00,17.9,90,0.00,2.9,0.10
2026-10-03T07:00,18.4,89,0.00,2.6,0.00
2026-10-03T08:00,19.2,87,0.00,2.8,0.00
2026-10-03T09:00,20.1,84,0.00,3.4,0.00
2026-10-03T10:00,21.2,77,0.00,3.3,0.10
2026-10-03T11:00,22.4,69,0.00,2.5,0.10
2026-10-03T12:00,23.3,63,0.00,2.1,0.10
2026-10-03T13:00,23.7,61,0.00,2.6,0.10
2026-10-03T14:00,23.7,61,0.00,4.0,0.10
2026-10-03T15:00,23.4,63,0.00,5.0,0.10
2026-10-03T16:00,22.5,68,0.00,4.6,0.10
2026-10-03T17:00,21.4,75,0.00,3.9,0.10
2026-10-03T18:00,20.4,80,0.00,4.0,0.10
2026-10-03T19:00,19.9,82,0.00,3.7,0.10
2026-10-03T20:00,19.6,82,0.00,3.1,0.10
2026-10-03T21:00,19.3,82,0.00,2.4,0.10
2026-10-03T22:00,19.0,86,0.00,1.8,0.52
2026-10-03T23:00,18.7,89,0.00,1.9,0.65
2026-10-04T00:00,18.5,90,0.00,2.5,0.78
2026-10-04T01:00,18.3,92,0.00,2.4,1.60
2026-10-04T02:00,18.1,94,0.00,2.5,1.60
2026-10-04T03:00,17.9,95,0.00,2.6,1.60
2026-10-04T04:00,17.7,96,0.00,3.1,2.20
2026-10-04T05:00,17.7,96,0.00,3.4,2.20
2026-10-04T06:00,17.7,96,0.00,3.8,2.20
2026-10-04T07:00,17.8,95,0.00,3.9,1.20
2026-10-04T08:00,17.9,94,0.00,4.0,1.20
2026-10-04T09:00,18.2,92,0.00,3.9,1.20
2026-10-04T10:00,18.6,90,0.00,4.1,0.50
2026-10-04T11:00,19.0,88,0.00,3.8,0.50
2026-10-04T12:00,19.3,86,0.00,3.8,0.50
2026-10-04T13:00,19.4,85,0.00,3.8,0.20
2026-10-04T14:00,19.4,85,0.00,3.6,0.20
2026-10-04T15:00,19.2,85,0.00,3.6,0.20
2026-10-04T16:00,18.9,87,0.00,3.6,0.10
2026-10-04T17:00,18.6,89,0.00,3.1,0.10
2026-10-04T18:00,18.2,91,0.00,3.1,0.10
2026-10-04T19:00,18.0,92,0.00,2.8,0.00
2026-10-04T20:00,17.8,93,0.00,3.1,0.00
2026-10-04T21:00,17.7,93,0.00,2.9,0.00
2026-10-04T22:00,17.7,93,0.00,2.4,0.00
2026-10-04T23:00,17.6,94,0.00,1.6,0.00
2026-10-05T00:00,17.6,94,0.00,1.3,0.00
2026-10-05T01:00,17.5,94,0.00,1.3,0.00
2026-10-05T02:00,17.4,94,0.00,1.9,0.00
2026-10-05T03:00,17.3,94,0.00,2.4,0.00
2026-10-05T04:00,17.3,94,0.00,3.1,0.00
2026-10-05T05:00,17.4,93,0.00,3.6,0.00
2026-10-05T06:00,17.4,93,0.00,4.1,0.00
2026-10-05T07:00,17.3,93,0.00,4.4,0.00
2026-10-05T08:00,17.2,93,0.00,5.2,0.00
2026-10-05T09:00,17.3,92,0.00,5.4,0.00
2026-10-05T10:00,17.9,88,0.00,5.6,0.00
2026-10-05T11:00,18.7,83,0.00,6.2,0.00
2026-10-05T12:00,19.5,79,0.00,6.6,0.00
2026-10-05T13:00,20.1,75,0.00,6.6,0.00
2026-10-05T14:00,20.6,72,0.00,6.0,0.00
2026-10-05T15:00,20.7,71,0.00,5.7,0.00
2026-10-05T16:00,20.1,74,0.00,5.2,0.00
2026-10-05T17:00,19.1,80,0.00,4.5,0.00
2026-10-05T18:00,18.2,85,0.00,3.5,0.00
2026-10-05T19:00,17.4,88,0.00,1.8,0.00
2026-10-05T20:00,16.8,91,0.00,1.8,0.00
2026-10-05T21:00,16.2,92,0.00,3.2,0.00
2026-10-05T22:00,15.8,92,0.00,3.3,0.00
2026-10-05T23:00,15.6,92,0.00,2.4,0.00
